{
  "split": "test",
  "condition_index": 0,
  "map_index_within_condition": 0,
  "maps_per_sim": 15,
  "sim_id": 293,
  "split_row": 0,
  "raw_row": 4395,
  "source_maps": "/home/work/cosmology/CAMELS/IllustrisTNG/Maps_3ch_IllustrisTNG_LH_z=0.00.npy",
  "split_maps": "/home/work/cosmology/GENESIS/GENESIS-data/log_minmax_sym_channelwise_astro_mixed/test_maps.npy",
  "overall": {
    "max_abs_error": 41943040.0,
    "mean_abs_error": 23261.791015625,
    "max_rel_error": 1.5874400105531095e-06,
    "mean_rel_error": 4.164801339356927e-07,
    "max_log10_error": 4.76837158203125e-07,
    "mean_log10_error": 5.444841799651101e-10,
    "allclose_atol_1e-5_rtol_1e-5": true,
    "allclose_atol_1e-4_rtol_1e-4": true
  },
  "per_channel": {
    "Mcdm": {
      "max_abs_error": 41943040.0,
      "mean_abs_error": 41740.796875,
      "max_rel_error": 1.1948735618716455e-06,
      "mean_rel_error": 5.474849444908614e-07,
      "max_log10_error": 0.0,
      "mean_log10_error": 0.0
    },
    "Mgas": {
      "max_abs_error": 12582912.0,
      "mean_abs_error": 28044.578125,
      "max_rel_error": 1.1953040939260973e-06,
      "mean_rel_error": 5.496200401466922e-07,
      "max_log10_error": 0.0,
      "mean_log10_error": 0.0
    },
    "T": {
      "max_abs_error": 2.25,
      "mean_abs_error": 0.002883581444621086,
      "max_rel_error": 1.5874400105531095e-06,
      "mean_rel_error": 1.5233540295866987e-07,
      "max_log10_error": 4.76837158203125e-07,
      "mean_log10_error": 1.6334524843841791e-09
    }
  },
  "theta": {
    "source_params": "/home/work/cosmology/CAMELS/IllustrisTNG/params_LH_IllustrisTNG.txt",
    "theta_norm": [
      -1.5432580709457397,
      -0.6876245141029358,
      1.1033161878585815,
      -1.2107198238372803,
      -0.4208781123161316,
      -0.29271408915519714
    ],
    "theta_denorm": [
      0.1218000054359436,
      0.7206000089645386,
      2.4183099269866943,
      0.3794499933719635,
      0.8449900150299072,
      0.889460027217865
    ],
    "theta_raw": [
      0.121799997985363,
      0.7206000089645386,
      2.4183099269866943,
      0.3794499933719635,
      0.8449900150299072,
      0.889460027217865
    ],
    "max_abs_error": 7.450580596923828e-09,
    "mean_abs_error": 1.2417634698280722e-09,
    "max_rel_error": 6.117061701615967e-08,
    "mean_rel_error": 1.0195102539967138e-08,
    "allclose_atol_1e-6_rtol_1e-6": true,
    "allclose_atol_1e-5_rtol_1e-5": true,
    "split_block_max_norm_spread": {
      "Omega_m": 0.0,
      "sigma_8": 0.0,
      "A_SN1": 0.0,
      "A_SN2": 0.0,
      "A_AGN1": 0.0,
      "A_AGN2": 0.0
    },
    "split_block_consistent_atol_1e-6": true
  }
}