{
  "Mcdm_auto": {
    "cv_pure": 0.09239683541206165,
    "combined": 0.2091791080485928,
    "x1.0": 0.2091791080485928,
    "x1.5": 0.3137686620728892,
    "x2.0": 0.4183582160971856
  },
  "Mgas_auto": {
    "cv_pure": 0.09721455196571353,
    "combined": 0.23044587629773006,
    "x1.0": 0.23044587629773006,
    "x1.5": 0.3456688144465951,
    "x2.0": 0.4608917525954601
  },
  "T_auto": {
    "cv_pure": 0.10292025572194395,
    "combined": 0.24491521308254102,
    "x1.0": 0.24491521308254102,
    "x1.5": 0.3673728196238115,
    "x2.0": 0.48983042616508204
  },
  "Mcdm-Mgas_cross": {
    "cv": 0.22074408955717625,
    "x1.5": 0.33111613433576437,
    "x2.0": 0.4414881791143525
  },
  "Mcdm-T_cross": {
    "cv": 0.5199733178277336,
    "x1.5": 0.7799599767416003,
    "x2.0": 1.0399466356554672
  },
  "Mgas-T_cross": {
    "cv": 0.9797007129452218,
    "x1.5": 1.4695510694178326,
    "x2.0": 1.9594014258904435
  },
  "Mcdm-Mgas_r": {
    "r_lo": 0.6187663008169786,
    "r_hi": 0.7443590555658519,
    "sigma": 0.031484908137327315,
    "sigma_x1.5": 0.04722736220599097
  },
  "Mcdm-T_r": {
    "r_lo": 0.5056561528805181,
    "r_hi": 0.04693921121263955,
    "sigma": 0.2902375068839672,
    "sigma_x1.5": 0.4353562603259508
  },
  "Mgas-T_r": {
    "r_lo": 0.5381521835357014,
    "r_hi": -0.07182638405211718,
    "sigma": 0.2729480449461427,
    "sigma_x1.5": 0.40942206741921405
  },
  "Mcdm_bisp": {
    "cv_rel_noise": 0.4440682673404844,
    "x1.5": 0.6661024010107266,
    "x2.0": 0.8881365346809688
  },
  "Mgas_bisp": {
    "cv_rel_noise": 0.5082172700458429,
    "x1.5": 0.7623259050687644,
    "x2.0": 1.0164345400916859
  },
  "T_bisp": {
    "cv_rel_noise": 0.683801858586276,
    "x1.5": 1.025702787879414,
    "x2.0": 1.367603717172552
  }
}