{
  "n_samples": 2,
  "auto_power": {
    "Mcdm": {
      "mean_error": 0.1485853823407738,
      "max_error": 1.6681000771369419,
      "rms_error": 0.34000565602248,
      "passed": false
    },
    "Mgas": {
      "mean_error": 0.18699874008916242,
      "max_error": 1.619372364548896,
      "rms_error": 0.34156465671038644,
      "passed": false
    },
    "T": {
      "mean_error": 0.18357019756420284,
      "max_error": 0.8721132389043152,
      "rms_error": 0.2749343765289476,
      "passed": true
    }
  },
  "cross_power": {
    "Mcdm-Mgas": {
      "mean_error": 0.18286302012770297,
      "max_error": 1.940660192966892,
      "rms_error": 0.3876904427054828,
      "threshold": 0.3,
      "passed": true
    },
    "Mcdm-T": {
      "mean_error": 0.25341759595781227,
      "max_error": 1.1176639180182653,
      "rms_error": 0.3602300965157447,
      "threshold": 0.6,
      "passed": true
    },
    "Mgas-T": {
      "mean_error": 0.22575037252505561,
      "max_error": 1.901586368495026,
      "rms_error": 0.4075462217702853,
      "threshold": 0.6,
      "passed": true
    }
  },
  "correlation": {
    "Mcdm-Mgas": {
      "max_delta_r": 0.10651784875978632,
      "passed": false
    },
    "Mcdm-T": {
      "max_delta_r": 0.2668501092582938,
      "passed": true
    },
    "Mgas-T": {
      "max_delta_r": 0.14836032739250926,
      "passed": true
    }
  },
  "pdf": {
    "Mcdm": {
      "ks_statistic": 0.0186,
      "mean_rel_error": 0.00013811048870039384,
      "std_rel_error": 0.01866877908062953,
      "passed": true
    },
    "Mgas": {
      "ks_statistic": 0.04945000000000001,
      "mean_rel_error": 0.003987030929613297,
      "std_rel_error": 0.02741550391938314,
      "passed": true
    },
    "T": {
      "ks_statistic": 0.11750000000000001,
      "mean_rel_error": 0.01491611172192301,
      "std_rel_error": 0.047261963525369766,
      "passed": false
    }
  },
  "passed_overall": false
}